"word" "freq"
"utc" "utc" 402
"tout" "tout" 304
"plus" "plus" 301
"soir" "soir" 257
"tous" "tous" 221
"plac" "plac" 211
"ven" "ven" 161
"bien" "bien" 158
"fair" "fair" 148
"demain" "demain" 147
"alor" "alor" 142
"pic" "pic" 140
"assos" "assos" 122
"bde" "bde" 118
"salut" "salut" 117
"vien" "vien" 116
"encor" "encor" 111
"présent" "présent" 111
"étudi" "étudi" 109
"attend" "attend" 108
"asso" "asso" 107
"être" "être" 107
"bon" "bon" 105
"auss" "auss" 101
"fait" "fait" 96
"hésit" "hésit" 96
"semain" "semain" 95
"part" "part" 93
"équip" "équip" 90
"éven" "éven" 90
"mar" "mar" 86
"organis" "organis" 86
"envoi" "envoi" 85
"semestr" "semestr" 85
"group" "group" 84
"pass" "pass" 84
"event" "event" 83
"grand" "grand" 83
"journ" "journ" 80
"particip" "particip" 78
"bier" "bier" 77
"lieu" "lieu" 77
"associ" "associ" 76
"recrut" "recrut" 76
"gal" "gal" 75
"team" "team" 75
"post" "post" 74
"propos" "propos" 74
"billetter" "billetter" 73
"projet" "projet" 73
"voir" "voir" 72
"oubl" "oubl" 71
"pet" "pet" 71
"découvr" "découvr" 70
"deux" "deux" 70
"fin" "fin" 70
"autr" "autr" 69
"don" "don" 69
"samed" "samed" 69
"mercred" "mercred" 68
"utcéen" "utcéen" 68
"anim" "anim" 67
"merc" "merc" 67
"shotgun" "shotgun" 67
"aim" "aim" 66
"avant" "avant" 66
"festupic" "festupic" 66
"nouvel" "nouvel" 66
"prendr" "prendr" 66
"derni" "derni" 65
"infos" "infos" 65
"mail" "mail" 65
"nombreux" "nombreux" 65
"premi" "premi" 65
"apres" "apres" 64
"pmde" "pmde" 64
"quelqu" "quelqu" 63
"anné" "anné" 62
"déjà" "déjà" 62
"donc" "donc" 62
"mai" "mai" 62
"sit" "sit" 62
"rest" "rest" 61
"juin" "juin" 60
"polar" "polar" 60
"pte" "pte" 60
"avoir" "avoir" 59
"jeud" "jeud" 59
"pourr" "pourr" 59
"perm" "perm" 58
"list" "list" 57
"tres" "tres" 57
"jda" "jda" 56
"jour" "jour" 55
"jusqu" "jusqu" 55
"lien" "lien" 55
"rappel" "rappel" 55
"prochain" "prochain" 54
"temp" "temp" 54
"besoin" "besoin" 53
"entre" "entre" 53
"mand" "mand" 53
"nouveau" "nouveau" 53
"lund" "lund" 52
"pouv" "pouv" 52
"seul" "seul" 52
"bonjour" "bonjour" 51
"houblon" "houblon" 51
"mid" "mid" 51
"petit" "petit" 51
"intéress" "intéress" 50
"toujour" "toujour" 50
"veux" "veux" 50
"amphi" "amphi" 49
"ceux" "ceux" 49
"mond" "mond" 49
"pani" "pani" 49
"aujourd" "aujourd" 48
"gagn" "gagn" 48
"hui" "hui" 48
"inscript" "inscript" 48
"peu" "peu" 48
"form" "form" 47
"oui" "oui" 47
"resp" "resp" 46
"retrouv" "retrouv" 46
"bisous" "bisous" 45
"direct" "direct" 45
"occas" "occas" 45
"person" "person" 45
"membr" "membr" 44
"non" "non" 44
"peux" "peux" 44
"voi" "voi" 44
"vot" "vot" 44
"inform" "inform" 43
"motiv" "motiv" 43
"tremplin" "tremplin" 43
"vent" "vent" 43
"concour" "concour" 42
"festu" "festu" 42
"format" "format" 42
"ouvert" "ouvert" 42
"recherch" "recherch" 42
"peut" "peut" 41
"plein" "plein" 41
"rend" "rend" 41
"sall" "sall" 41
"spectacl" "spectacl" 41
"usec" "usec" 41
"arriv" "arriv" 40
"fol" "fol" 40
"inscrir" "inscrir" 40
"sup" "sup" 40
"uppercut" "uppercut" 40
"week" "week" 40
"avril" "avril" 39
"bureau" "bureau" 39
"contact" "contact" 39
"président" "président" 39
"pris" "pris" 39
"surtout" "surtout" 39
"voic" "voic" 39
"bis" "bis" 38
"cour" "cour" 38
"end" "end" 38
"mard" "mard" 38
"pens" "pens" 38
"prix" "prix" 38
"programm" "programm" 38
"réalis" "réalis" 38
"simpl" "simpl" 38
"vendred" "vendred" 38
"aid" "aid" 37
"cherch" "cherch" 37
"concert" "concert" 37
"dégust" "dégust" 37
"égal" "égal" 37
"entrepris" "entrepris" 37
"gratuit" "gratuit" 37
"mainten" "mainten" 37
"photos" "photos" 37
"suiv" "suiv" 37
"ème" "ème" 36
"lor" "lor" 36
"rejoindr" "rejoindr" 36
"fil" "fil" 35
"moment" "moment" 35
"respons" "respons" 35
"trouv" "trouv" 35
"utilis" "utilis" 35
"adress" "adress" 34
"bientôt" "bientôt" 34
"chaqu" "chaqu" 34
"des" "des" 34
"heur" "heur" 34
"parl" "parl" 34
"question" "question" 34
"réserv" "réserv" 34
"beau" "beau" 33
"compiegn" "compiegn" 33
"fois" "fois" 33
"meilleur" "meilleur" 33
"mettr" "mettr" 33
"pag" "pag" 33
"parc" "parc" 33
"phil" "phil" 33
"prépar" "prépar" 33
"quoi" "quoi" 33
"rencontr" "rencontr" 33
"chaud" "chaud" 32
"élect" "élect" 32
"just" "just" 32
"profit" "profit" 32
"rien" "rien" 32
"aller" "aller" 31
"amis" "amis" 31
"caf" "caf" 31
"cher" "cher" 31
"disponibl" "disponibl" 31
"expérient" "expérient" 31
"févri" "févri" 31
"scen" "scen" 31
"soleil" "soleil" 31
"vit" "vit" 31
"voul" "voul" 31
"coup" "coup" 30
"jam" "jam" 30
"quand" "quand" 30
"sort" "sort" 30
"allez" "allez" 29
"écol" "écol" 29
"ingénieur" "ingénieur" 29
"menc" "menc" 29
"mieux" "mieux" 29
"pai" "pai" 29
"partag" "partag" 29
"prêt" "prêt" 29
"souhait" "souhait" 29
"stand" "stand" 29
"trop" "trop" 29
"voitur" "voitur" 29
"youtub" "youtub" 29
"ambianc" "ambianc" 28
"boug" "boug" 28
"conférent" "conférent" 28
"dir" "dir" 28
"dur" "dur" 28
"facebook" "facebook" 28
"faut" "faut" 28
"idé" "idé" 28
"limit" "limit" 28
"paris" "paris" 28
"retour" "retour" 28
"tournoi" "tournoi" 28
"afin" "afin" 27
"attent" "attent" 27
"cotis" "cotis" 27
"déguis" "déguis" 27
"demand" "demand" 27
"durabl" "durabl" 27
"innov" "innov" 27
"mang" "mang" 27
"mois" "mois" 27
"pot" "pot" 27
"veut" "veut" 27
"comm" "comm" 26
"dimanch" "dimanch" 26
"édit" "édit" 26
"esper" "esper" 26
"étag" "étag" 26
"gmail" "gmail" 26
"laiss" "laiss" 26
"messag" "messag" 26
"moin" "moin" 26
"watch" "watch" 26
"activ" "activ" 25
"ains" "ains" 25
"dat" "dat" 25
"début" "début" 25
"goo" "goo" 25
"googl" "googl" 25
"inter" "inter" 25
"invit" "invit" 25
"lign" "lign" 25
"matin" "matin" 25
"musiqu" "musiqu" 25
"pourquoi" "pourquoi" 25
"récuper" "récuper" 25
"sais" "sais" 25
"sauc" "sauc" 25
"sous" "sous" 25
"vrai" "vrai" 25
"annonc" "annonc" 24
"art" "art" 24
"beaucoup" "beaucoup" 24
"cré" "cré" 24
"dev" "dev" 24
"hello" "hello" 24
"import" "import" 24
"maison" "maison" 24
"parking" "parking" 24
"plusieur" "plusieur" 24
"prend" "prend" 24
"sûr" "sûr" 24
"achet" "achet" 23
"cdmge" "cdmge" 23
"chos" "chos" 23
"con" "con" 23
"dans" "dans" 23
"envi" "envi" 23
"final" "final" 23
"franc" "franc" 23
"fruit" "fruit" 23
"gen" "gen" 23
"rempl" "rempl" 23
"suit" "suit" 23
"integr" "integr" 22
"menu" "menu" 22
"pend" "pend" 22
"philanthrop" "philanthrop" 22
"plais" "plais" 22
"possibl" "possibl" 22
"produit" "produit" 22
"psec" "psec" 22
"them" "them" 22
"chanc" "chanc" 21
"covoiturag" "covoiturag" 21
"depuis" "depuis" 21
"distribu" "distribu" 21
"elect" "elect" 21
"escom" "escom" 21
"esn" "esn" 21
"espac" "espac" 21
"point" "point" 21
"printemp" "printemp" 21
"puis" "puis" 21
"raid" "raid" 21
"rock" "rock" 21
"savoir" "savoir" 21
"smash" "smash" 21
"spécial" "spécial" 21
"surpris" "surpris" 21
"trésori" "trésori" 21
"univers" "univers" 21
"affich" "affich" 20
"débat" "débat" 20
"deuxiem" "deuxiem" 20
"doc" "doc" 20
"estu" "estu" 20
"exceptionnel" "exceptionnel" 20
"fêt" "fêt" 20
"futur" "futur" 20
"min" "min" 20
"nom" "nom" 20
"pôl" "pôl" 20
"prévu" "prévu" 20
"représent" "représent" 20
"souten" "souten" 20
"the" "the" 20
"artist" "artist" 19
"campagn" "campagn" 19
"doit" "doit" 19
"eau" "eau" 19
"enfin" "enfin" 19
"fat" "fat" 19
"international" "international" 19
"object" "object" 19
"offert" "offert" 19
"pouvoir" "pouvoir" 19
"rdv" "rdv" 19
"regl" "regl" 19
"rendr" "rendr" 19
"rep" "rep" 19
"voilà" "voilà" 19
"aventur" "aventur" 18
"challeng" "challeng" 18
"chez" "chez" 18
"coïncident" "coïncident" 18
"continu" "continu" 18
"développ" "développ" 18
"dévoil" "dévoil" 18
"dit" "dit" 18
"fablab" "fablab" 18
"fed" "fed" 18
"fort" "fort" 18
"général" "général" 18
"internet" "internet" 18
"jou" "jou" 18
"minut" "minut" 18
"musical" "musical" 18
"navet" "navet" 18
"pourvoir" "pourvoir" 18
"sport" "sport" 18
"tarif" "tarif" 18
"technolog" "technolog" 18
"vacanc" "vacanc" 18
"bref" "bref" 17
"certain" "certain" 17
"cochon" "cochon" 17
"cocktail" "cocktail" 17
"différent" "différent" 17
"échang" "échang" 17
"goût" "goût" 17
"gros" "gros" 17
"larsen" "larsen" 17
"long" "long" 17
"lot" "lot" 17
"niveau" "niveau" 17
"pay" "pay" 17
"photo" "photo" 17
"professionnel" "professionnel" 17
"sait" "sait" 17
"accueil" "accueil" 16
"ajout" "ajout" 16
"autour" "autour" 16
"avanc" "avanc" 16
"banan" "banan" 16
"concern" "concern" 16
"coucou" "coucou" 16
"départ" "départ" 16
"déroul" "déroul" 16
"diplôm" "diplôm" 16
"dossi" "dossi" 16
"droit" "droit" 16
"écout" "écout" 16
"ensembl" "ensembl" 16
"epi" "epi" 16
"festival" "festival" 16
"graf" "graf" 16
"hit" "hit" 16
"hop" "hop" 16
"jeun" "jeun" 16
"not" "not" 16
"offre" "offre" 16
"pack" "pack" 16
"pagn" "pagn" 16
"prévent" "prévent" 16
"rentr" "rentr" 16
"réunion" "réunion" 16
"sondag" "sondag" 16
"stag" "stag" 16
"tel" "tel" 16
"tournois" "tournois" 16
"utt" "utt" 16
"acces" "acces" 15
"cabaret" "cabaret" 15
"car" "car" 15
"cel" "cel" 15
"chang" "chang" 15
"cool" "cool" 15
"cours" "cours" 15
"médian" "médian" 15
"pain" "pain" 15
"parcour" "parcour" 15
"plet" "plet" 15
"pos" "pos" 15
"rejoin" "rejoin" 15
"rêv" "rêv" 15
"ancien" "ancien" 14
"band" "band" 14
"bel" "bel" 14
"bros" "bros" 14
"buffet" "buffet" 14
"candidat" "candidat" 14
"cas" "cas" 14
"chill" "chill" 14
"com" "com" 14
"comment" "comment" 14
"côt" "côt" 14
"dépôt" "dépôt" 14
"ecocup" "ecocup" 14
"edit" "edit" 14
"etc" "etc" 14
"euros" "euros" 14
"extérieur" "extérieur" 14
"forum" "forum" 14
"ger" "ger" 14
"good" "good" 14
"inscrit" "inscrit" 14
"integ" "integ" 14
"jean" "jean" 14
"jeux" "jeux" 14
"jmde" "jmde" 14
"lanc" "lanc" 14
"manqu" "manqu" 14
"ment" "ment" 14
"méti" "méti" 14
"muniqu" "muniqu" 14
"partenair" "partenair" 14
"partenariat" "partenariat" 14
"pierr" "pierr" 14
"pipet" "pipet" 14
"port" "port" 14
"roug" "roug" 14
"secrétair" "secrétair" 14
"surf" "surf" 14
"tard" "tard" 14
"trois" "trois" 14
"vic" "vic" 14
"voyag" "voyag" 14
"administr" "administr" 13
"bonsoir" "bonsoir" 13
"cadeau" "cadeau" 13
"charg" "charg" 13
"conseil" "conseil" 13
"décid" "décid" 13
"défil" "défil" 13
"dessin" "dessin" 13
"disposit" "disposit" 13
"equip" "equip" 13
"étud" "étud" 13
"fac" "fac" 13
"fais" "fais" 13
"fer" "fer" 13
"ferm" "ferm" 13
"imaginarium" "imaginarium" 13
"imprim" "imprim" 13
"langu" "langu" 13
"lasall" "lasall" 13
"lettr" "lettr" 13
"libr" "libr" 13
"livr" "livr" 13
"local" "local" 13
"magnif" "magnif" 13
"march" "march" 13
"mis" "mis" 13
"moyen" "moyen" 13
"nombr" "nombr" 13
"permettr" "permettr" 13
"préfer" "préfer" 13
"raison" "raison" 13
"rat" "rat" 13
"sav" "sav" 13
"talk" "talk" 13
"tent" "tent" 13
"uniqu" "uniqu" 13
"venu" "venu" 13
"ver" "ver" 13
"vidéo" "vidéo" 13
"abord" "abord" 12
"actuel" "actuel" 12
"baguet" "baguet" 12
"barbeuc" "barbeuc" 12
"beauv" "beauv" 12
"billeter" "billeter" 12
"bus" "bus" 12
"but" "but" 12
"campus" "campus" 12
"candidatur" "candidatur" 12
"chequ" "chequ" 12
"confirm" "confirm" 12
"discut" "discut" 12
"ecol" "ecol" 12
"ensuit" "ensuit" 12
"expliqu" "expliqu" 12
"film" "film" 12
"gross" "gross" 12
"junior" "junior" 12
"log" "log" 12
"machin" "machin" 12
"minuit" "minuit" 12
"mission" "mission" 12
"nuit" "nuit" 12
"ouvertur" "ouvertur" 12
"oval" "oval" 12
"peuvent" "peuvent" 12
"php" "php" 12
"preinscript" "preinscript" 12
"principal" "principal" 12
"puiss" "puiss" 12
"rapid" "rapid" 12
"rôl" "rôl" 12
"sinon" "sinon" 12
"suivr" "suivr" 12
"tabl" "tabl" 12
"tant" "tant" 12
"terrin" "terrin" 12
"vieil" "vieil" 12
"vient" "vient" 12
"vivr" "vivr" 12
"afric" "afric" 11
"anniversair" "anniversair" 11
"apachatt" "apachatt" 11
"apprendr" "apprendr" 11
"articl" "articl" 11
"assur" "assur" 11
"aut" "aut" 11
"centr" "centr" 11
"charc" "charc" 11
"chauff" "chauff" 11
"club" "club" 11
"contr" "contr" 11
"curieux" "curieux" 11
"décibel" "décibel" 11
"délici" "délici" 11
"déplac" "déplac" 11
"dépos" "dépos" 11
"dont" "dont" 11
"écolog" "écolog" 11
"elle" "elle" 11
"entrain" "entrain" 11
"entré" "entré" 11
"etudi" "etudi" 11
"fond" "fond" 11
"forc" "forc" 11
"impatient" "impatient" 11
"inde" "inde" 11
"info" "info" 11
"inscriv" "inscriv" 11
"jeu" "jeu" 11
"kiff" "kiff" 11
"légum" "légum" 11
"mde" "mde" 11
"new" "new" 11
"noir" "noir" 11
"prof" "prof" 11
"pur" "pur" 11
"qualit" "qualit" 11
"rapport" "rapport" 11
"rembours" "rembours" 11
"respect" "respect" 11
"sdf" "sdf" 11
"session" "session" 11
"temporair" "temporair" 11
"titr" "titr" 11
"tour" "tour" 11
"transport" "transport" 11
"usp" "usp" 11
"viewform" "viewform" 11
"accept" "accept" 10
"action" "action" 10
"attendent" "attendent" 10
"bar" "bar" 10
"barbecu" "barbecu" 10
"celui" "celui" 10
"cliqu" "cliqu" 10
"color" "color" 10
"connaiss" "connaiss" 10
"courag" "courag" 10
"coureur" "coureur" 10
"détail" "détail" 10
"deven" "deven" 10
"doivent" "doivent" 10
"ejl" "ejl" 10
"étrang" "étrang" 10
"etu" "etu" 10
"exclus" "exclus" 10
"fermetur" "fermetur" 10
"fronti" "fronti" 10
"futsal" "futsal" 10
"gymnas" "gymnas" 10
"honneur" "honneur" 10
"jambon" "jambon" 10
"jmi" "jmi" 10
"joint" "joint" 10
"lourd" "lourd" 10
"macadam" "macadam" 10
"maximum" "maximum" 10
"met" "met" 10
"mont" "mont" 10
"montr" "montr" 10
"opportun" "opportun" 10
"parm" "parm" 10
"passion" "passion" 10
"précédent" "précédent" 10
"réguli" "réguli" 10
"rejoign" "rejoign" 10
"revient" "revient" 10
"rond" "rond" 10
"rugby" "rugby" 10
"servic" "servic" 10
"ski" "ski" 10
"sorbon" "sorbon" 10
"sportif" "sportif" 10
"statut" "statut" 10
"stravaganz" "stravaganz" 10
"suff" "suff" 10
"tir" "tir" 10
"travail" "travail" 10
"trésor" "trésor" 10
"util" "util" 10
"utspac" "utspac" 10
"vert" "vert" 10
"wii" "wii" 10
"agit" "agit" 9
"album" "album" 9
"ami" "ami" 9
"appli" "appli" 9
"apport" "apport" 9
"assist" "assist" 9
"ateli" "ateli" 9
"avis" "avis" 9
"bénévol" "bénévol" 9
"cart" "cart" 9
"choix" "choix" 9
"comed" "comed" 9
"connect" "connect" 9
"consult" "consult" 9
"couleur" "couleur" 9
"day" "day" 9
"dépêch" "dépêch" 9
"dessous" "dessous" 9
"dis" "dis" 9
"élus" "élus" 9
"esperanto" "esperanto" 9
"etuvill" "etuvill" 9
"excus" "excus" 9
"festubisous" "festubisous" 9
"fou" "fou" 9
"frais" "frais" 9
"genr" "genr" 9
"grâc" "grâc" 9
"ing" "ing" 9
"inscris" "inscris" 9
"jol" "jol" 9
"legendr" "legendr" 9
"loup" "loup" 9
"main" "main" 9
"mal" "mal" 9
"match" "match" 9
"mele" "mele" 9
"national" "national" 9
"nouveaut" "nouveaut" 9
"permanent" "permanent" 9
"plutôt" "plutôt" 9
"résultat" "résultat" 9
"saucisson" "saucisson" 9
"sen" "sen" 9
"solidar" "solidar" 9
"ssp" "ssp" 9
"start" "start" 9
"sujet" "sujet" 9
"symp" "symp" 9
"test" "test" 9
"théâtr" "théâtr" 9
"troup" "troup" 9
"version" "version" 9
"vidéos" "vidéos" 9
"vip" "vip" 9
"weekend" "weekend" 9
"zenzil" "zenzil" 9
"appel" "appel" 8
"appliqu" "appliqu" 8
"assembl" "assembl" 8
"assez" "assez" 8
"attendon" "attendon" 8
"bdbdec" "bdbdec" 8
"bienvenu" "bienvenu" 8
"bisou" "bisou" 8
"blond" "blond" 8
"bonheur" "bonheur" 8
"bord" "bord" 8
"bouff" "bouff" 8
"bout" "bout" 8
"bras" "bras" 8
"cadr" "cadr" 8
"canard" "canard" 8
"carnaval" "carnaval" 8
"chass" "chass" 8
"chois" "chois" 8
"coin" "coin" 8
"coordon" "coordon" 8
"court" "court" 8
"décor" "décor" 8
"découvert" "découvert" 8
"discuss" "discuss" 8
"email" "email" 8
"enjaill" "enjaill" 8
"enseign" "enseign" 8
"essai" "essai" 8
"évident" "évident" 8
"exot" "exot" 8
"exposit" "exposit" 8
"famill" "famill" 8
"féminin" "féminin" 8
"femm" "femm" 8
"fichi" "fichi" 8
"fight" "fight" 8
"fleur" "fleur" 8
"font" "font" 8
"for" "for" 8
"formulair" "formulair" 8
"fromag" "fromag" 8
"garant" "garant" 8
"indic" "indic" 8
"indiqu" "indiqu" 8
"jury" "jury" 8
"ouvr" "ouvr" 8
"permet" "permet" 8
"plan" "plan" 8
"playlist" "playlist" 8
"pompom" "pompom" 8
"préférentiel" "préférentiel" 8
"présenc" "présenc" 8
"problem" "problem" 8
"pter" "pter" 8
"publiqu" "publiqu" 8
"puisqu" "puisqu" 8
"pvdc" "pvdc" 8
"renseign" "renseign" 8
"répondr" "répondr" 8
"reprendr" "reprendr" 8
"restreint" "restreint" 8
"rhizom" "rhizom" 8
"safran" "safran" 8
"second" "second" 8
"sein" "sein" 8
"self" "self" 8
"serveur" "serveur" 8
"sportiv" "sportiv" 8
"stad" "stad" 8
"styl" "styl" 8
"system" "system" 8
"techniqu" "techniqu" 8
"ten" "ten" 8
"termin" "termin" 8
"typ" "typ" 8
"vas" "vas" 8
"venus" "venus" 8
"vill" "vill" 8
"visit" "visit" 8
"ailleur" "ailleur" 7
"amélior" "amélior" 7
"amour" "amour" 7
"android" "android" 7
"app" "app" 7
"approch" "approch" 7
"arrêt" "arrêt" 7
"aucoeurdumarch" "aucoeurdumarch" 7
"aupres" "aupres" 7
"bbq" "bbq" 7
"billet" "billet" 7
"bit" "bit" 7
"boir" "boir" 7
"boisson" "boisson" 7
"cac" "cac" 7
"camping" "camping" 7
"carott" "carott" 7
"caus" "caus" 7
"chef" "chef" 7
"cinem" "cinem" 7
"clap" "clap" 7
"classiqu" "classiqu" 7
"comutec" "comutec" 7
"consomm" "consomm" 7
"cti" "cti" 7
"dessus" "dessus" 7
"éduc" "éduc" 7
"éloquent" "éloquent" 7
"énerg" "énerg" 7
"environ" "environ" 7
"évit" "évit" 7
"financ" "financ" 7
"forêt" "forêt" 7
"gard" "gard" 7
"graphist" "graphist" 7
"guest" "guest" 7
"gueul" "gueul" 7
"herb" "herb" 7
"hous" "hous" 7
"humeur" "humeur" 7
"imag" "imag" 7
"imper" "imper" 7
"impliqu" "impliqu" 7
"impress" "impress" 7
"informat" "informat" 7
"initi" "initi" 7
"isf" "isf" 7
"lavoieduhoublon" "lavoieduhoublon" 7
"lequel" "lequel" 7
"lik" "lik" 7
"lir" "lir" 7
"logist" "logist" 7
"loin" "loin" 7
"mak" "mak" 7
"mer" "mer" 7
"mixt" "mixt" 7
"mot" "mot" 7
"musicien" "musicien" 7
"oblig" "oblig" 7
"oubli" "oubli" 7
"ouf" "ouf" 7
"oyé" "oyé" 7
"paus" "paus" 7
"payutc" "payutc" 7
"pep" "pep" 7
"perdu" "perdu" 7
"perform" "perform" 7
"piegn" "piegn" 7
"planning" "planning" 7
"pomm" "pomm" 7
"porc" "porc" 7
"possibil" "possibil" 7
"pourront" "pourront" 7
"prez" "prez" 7
"product" "product" 7
"quatr" "quatr" 7
"recherchon" "recherchon" 7
"récup" "récup" 7
"régal" "régal" 7
"renault" "renault" 7
"répons" "répons" 7
"restaur" "restaur" 7
"rivag" "rivag" 7
"saint" "saint" 7
"sélect" "sélect" 7
"sérieux" "sérieux" 7
"son" "son" 7
"spreadsheet" "spreadsheet" 7
"talent" "talent" 7
"têt" "têt" 7
"thom" "thom" 7
"top" "top" 7
"tôt" "tôt" 7
"trail" "trail" 7
"trait" "trait" 7
"trajet" "trajet" 7
"tranquill" "tranquill" 7
"travaill" "travaill" 7
"tropik" "tropik" 7
"truc" "truc" 7
"tuc" "tuc" 7
"utsmashm" "utsmashm" 7
"valid" "valid" 7
"vision" "vision" 7
"web" "web" 7
"workshop" "workshop" 7
"acced" "acced" 6
"achat" "achat" 6
"ador" "ador" 6
"alaric" "alaric" 6
"âme" "âme" 6
"amsterdam" "amsterdam" 6
"arthur" "arthur" 6
"bas" "bas" 6
"benevol" "benevol" 6
"bonbon" "bonbon" 6
"branch" "branch" 6
"chacun" "chacun" 6
"champagn" "champagn" 6
"cherchon" "cherchon" 6
"chevr" "chevr" 6
"citoyennet" "citoyennet" 6
"clé" "clé" 6
"client" "client" 6
"cœur" "cœur" 6
"concept" "concept" 6
"concoct" "concoct" 6
"coût" "coût" 6
"créatif" "créatif" 6
"déchet" "déchet" 6
"def" "def" 6
"del" "del" 6
"dem" "dem" 6
"démarr" "démarr" 6
"devr" "devr" 6
"dîn" "dîn" 6
"divin" "divin" 6
"dorm" "dorm" 6
"doubl" "doubl" 6
"écrir" "écrir" 6
"effectu" "effectu" 6
"effet" "effet" 6
"eme" "eme" 6
"engag" "engag" 6
"entendu" "entendu" 6
"entretien" "entretien" 6
"esprit" "esprit" 6
"façon" "façon" 6
"feuill" "feuill" 6
"fill" "fill" 6
"franch" "franch" 6
"gar" "gar" 6
"génial" "génial" 6
"gest" "gest" 6
"graphiqu" "graphiqu" 6
"hey" "hey" 6
"horair" "horair" 6
"html" "html" 6
"imagin" "imagin" 6
"impro" "impro" 6
"invest" "invest" 6
"ios" "ios" 6
"jardin" "jardin" 6
"job" "job" 6
"joi" "joi" 6
"jokebox" "jokebox" 6
"journal" "journal" 6
"lasallebeauv" "lasallebeauv" 6
"longtemp" "longtemp" 6
"lorsqu" "lorsqu" 6
"mag" "mag" 6
"mani" "mani" 6
"mental" "mental" 6
"mikel" "mikel" 6
"mobil" "mobil" 6
"noiset" "noiset" 6
"notif" "notif" 6
"nouvö" "nouvö" 6
